{
  "baseline": {
    "accuracy": 0.3076923076923077,
    "precision": 1.0,
    "recall": 0.25,
    "f1": 0.4
  },
  "optimized": {
    "accuracy": 0.38461538461538464,
    "precision": 1.0,
    "recall": 0.3333333333333333,
    "f1": 0.5
  },
  "improvement": {
    "f1_absolute": 0.09999999999999998,
    "f1_relative_pct": 24.999999999999993
  }
}