{
  "optimizer_used": "MIPRO",
  "baseline": {
    "accuracy": 0.65,
    "precision": 0.8333333333333334,
    "recall": 0.45454545454545453,
    "f1": 0.5882352941176471
  },
  "optimized": {
    "accuracy": 0.65,
    "precision": 0.8333333333333334,
    "recall": 0.45454545454545453,
    "f1": 0.5882352941176471
  },
  "improvement": {
    "f1_absolute": 0.0,
    "f1_relative_pct": 0.0
  }
}